T-Shirt,Apparel
Jeans,Apparel
Sneakers,Shoes
Hat,Accessories
T-Shirt,Apparel
Sneakers,Shoes
Jeans,Apparel
Jacket,Apparel
Hat,Accessories
Sneakers,Shoes
Jeans,Apparel
T-Shirt,Apparel
Hat,Accessories
Sneakers,Shoes
Jeans,Apparel
T-Shirt,Apparel
Jacket,Apparel
Hat,Accessories
Sneakers,Shoes
Jeans,Apparel
T-Shirt,Apparel
Jacket,Apparel
Hat,Accessories
Sneakers,Shoes
Jeans,Apparel
T-Shirt,Apparel
Jacket,Apparel
Hat,Accessories
Sneakers,Shoes
Jeans,Apparel
T-Shirt,Apparel
Jacket,Apparel
Hat,Accessories
Sneakers,Shoes
Jeans,Apparel
T-Shirt,Apparel
Jacket,Apparel
Hat,Accessories
Sneakers,Shoes
Jeans,Apparel
T-Shirt,Apparel
Jacket,Apparel
Hat,Accessories
Sneakers,Shoes
Jeans,Apparel
T-Shirt,Apparel
Jacket,Apparel
Hat,Accessories
Sneakers,Shoes
Jeans,Apparel
T-Shirt,Apparel
Jacket,Apparel
Hat,Accessories
Sneakers,Shoes
Jeans,Apparel
T-Shirt,Apparel
Jacket,Apparel
Hat,Accessories
Sneakers,Shoes
Jeans,Apparel
T-Shirt,Apparel
Jacket,Apparel
Hat,Accessories
Sneakers,Shoes
Jeans,Apparel
T-Shirt,Apparel
Hat,Accessories
Sneakers,Shoes
Jeans,Apparel
T-Shirt,Apparel
Jacket,Apparel
Hat,Accessories
Sneakers,Shoes
Jeans,Apparel
T-Shirt,Apparel
Jacket,Apparel
Hat,Accessories
Sneakers,Shoes
Jeans,Apparel
T-Shirt,Apparel
Jacket,Apparel
Hat,Accessories
Sneakers,Shoes
Jeans,Apparel
T-Shirt,Apparel
Jacket,Apparel
Hat,Accessories
Sneakers,Shoes
Jeans,Apparel
T-Shirt,Apparel
Jacket,Apparel
Hat,Accessories
Sneakers,Shoes
Jeans,Apparel
T-Shirt,Apparel
Jacket,Apparel
Hat,Accessories
Sneakers,Shoes
Jeans,Apparel
T-Shirt,Apparel
Jacket,Apparel
Hat,Accessories
Sneakers,Shoes
Jeans,Apparel
T-Shirt,Apparel
Jacket,Apparel
Hat,Accessories
Sneakers,Shoes
Jeans,Apparel
T-Shirt,Apparel
Jacket,Apparel
Hat,Accessories
Sneakers,Shoes
Jeans,Apparel
T-Shirt,Apparel
Jacket,Apparel
Hat,Accessories
Sneakers,Shoes
Jeans,Apparel
T-Shirt,Apparel
Jacket,Apparel
Hat,Accessories
Sneakers,Shoes
Jeans,Apparel
T-Shirt,Apparel
Jacket,Apparel
Hat,Accessories
Sneakers,Shoes
Jeans,Apparel
T-Shirt,Apparel
Jacket,Apparel
Hat,Accessories
Sneakers,Shoes
Jeans,Apparel
T-Shirt,Apparel
Jacket,Apparel
Hat,Accessories
Sneakers,Shoes
Jeans,Apparel
T-Shirt,Apparel
Jacket,Apparel
Hat,Accessories
Sneakers,Shoes
Jeans,Apparel
T-Shirt,Apparel
Jacket,Apparel
Hat,Accessories
Sneakers,Shoes
Jeans,Apparel
T-Shirt,Apparel
Hat,Accessories
Sneakers,Shoes
Jeans,Apparel
T-Shirt,Apparel
Hat,Accessories
Sneakers,Shoes
Jeans,Apparel
T-Shirt,Apparel
Hat,Accessories
Sneakers,Shoes
Jeans,Apparel
T-Shirt,Apparel
Hat,Accessories
Sneakers,Shoes
Jeans,Apparel
T-Shirt,Apparel
Hat,Accessories
Sneakers,Shoes
Jeans,Apparel
T-Shirt,Apparel
Jacket,Apparel
Hat,Accessories
Sneakers,Shoes
Jeans,Apparel
T-Shirt,Apparel
Jacket,Apparel
Hat,Accessories
Sneakers,Shoes
Jeans,Apparel
T-Shirt,Apparel
Hat,Accessories
Sneakers,Shoes
Jeans,Apparel
