Jacket,Apparel
Jacket,Apparel
Jacket,Apparel
Jacket,Apparel
Jacket,Apparel
Jacket,Apparel
Jacket,Apparel
Jacket,Apparel
Jacket,Apparel
Jacket,Apparel
Jacket,Apparel
Jacket,Apparel
Jacket,Apparel
Jacket,Apparel
Jacket,Apparel
Jacket,Apparel
Jacket,Apparel
Jacket,Apparel
Jacket,Apparel
Jacket,Apparel
Jacket,Apparel
Jacket,Apparel
Jacket,Apparel
Jacket,Apparel
Jacket,Apparel
Jacket,Apparel
Jacket,Apparel
Jacket,Apparel
Jacket,Apparel
Jeans,Apparel
Jeans,Apparel
Jeans,Apparel
Jeans,Apparel
Jeans,Apparel
Jeans,Apparel
Jeans,Apparel
Jeans,Apparel
Jeans,Apparel
Jeans,Apparel
Jeans,Apparel
Jeans,Apparel
Jeans,Apparel
Jeans,Apparel
Jeans,Apparel
Jeans,Apparel
Jeans,Apparel
Jeans,Apparel
Jeans,Apparel
Jeans,Apparel
Jeans,Apparel
Jeans,Apparel
Jeans,Apparel
Jeans,Apparel
Jeans,Apparel
Jeans,Apparel
Jeans,Apparel
Jeans,Apparel
Jeans,Apparel
Jeans,Apparel
Jeans,Apparel
Jeans,Apparel
Jeans,Apparel
Jeans,Apparel
Jeans,Apparel
Jeans,Apparel
Jeans,Apparel
Jeans,Apparel
Jeans,Apparel
T-Shirt,Apparel
T-Shirt,Apparel
T-Shirt,Apparel
T-Shirt,Apparel
T-Shirt,Apparel
T-Shirt,Apparel
T-Shirt,Apparel
T-Shirt,Apparel
T-Shirt,Apparel
T-Shirt,Apparel
T-Shirt,Apparel
T-Shirt,Apparel
T-Shirt,Apparel
T-Shirt,Apparel
T-Shirt,Apparel
T-Shirt,Apparel
T-Shirt,Apparel
T-Shirt,Apparel
T-Shirt,Apparel
T-Shirt,Apparel
T-Shirt,Apparel
T-Shirt,Apparel
T-Shirt,Apparel
T-Shirt,Apparel
T-Shirt,Apparel
T-Shirt,Apparel
T-Shirt,Apparel
T-Shirt,Apparel
T-Shirt,Apparel
T-Shirt,Apparel
T-Shirt,Apparel
T-Shirt,Apparel
T-Shirt,Apparel
T-Shirt,Apparel
T-Shirt,Apparel
T-Shirt,Apparel
T-Shirt,Apparel
T-Shirt,Apparel
